{"mean": [1.6022727272727273], "scale": [1.7421236565498857], "var": [3.034994834710744]}