{"mean": [30.75650770632502, 1.4204545454545454, 5.886363636363637], "scale": [13.652906907556208, 1.193939153591731, 2.030628083432104], "var": [186.40186702639602, 1.4254907024793388, 4.12345041322314]}