{"mean": [0.9431818181818182, 0.625, 0.3522727272727273, 0.06818181818181818, 26.693181818181817, 41.01136363636363, 9.477272727272727, 6.431818181818182, 3.9886363636363638, 0.45454545454545453, 0.09090909090909091, 12.443181818181818, 22.92998222161825, 42.89772727272727, 136.97727272727272, 73.89772727272727, 0.5594390061412906], "scale": [1.037457058754882, 0.8162065803570697, 0.6403083903173094, 0.29370109053000193, 1.9090570884450124, 13.852710858907576, 5.074394887183533, 4.648546827053137, 3.1819602241022116, 0.6555547773570889, 0.28747978728803447, 8.002638704806648, 16.903096048580927, 21.149381987922823, 59.57328894897735, 30.700177587851503, 0.0938020071394168], "var": [1.0763171487603307, 0.6661931818181818, 0.40999483471074377, 0.0862603305785124, 3.6444989669421477, 191.89759814049586, 25.74948347107438, 21.608987603305785, 10.124870867768596, 0.42975206611570244, 0.08264462809917356, 64.04222623966942, 285.7146560275521, 447.29635847107437, 3548.9767561983467, 942.5009039256198, 0.0087988165433832]}