{"mean": [136.97727272727272, 71.05043466523574, 1.1841739110872622, 0.09090909090909091, 4.029412772090237, 27.363636363636363, 115.47803598484847], "scale": [59.57328894897735, 29.887014723186724, 0.49811691205311204, 0.3579094488187187, 2.297383271029009, 9.031739259388901, 11.125172618807458], "var": [3548.9767561983467, 893.2336490639799, 0.24812045807332775, 0.12809917355371903, 5.277969894003949, 81.57231404958678, 123.76946579826318]}