{"mean": [1.9888145375378634, 320.09489560939903, 0.34074437765715443], "scale": [0.5312957574622886, 6.7059324242851215, 4.195124223979624], "var": [0.28227518189742706, 44.969529679078526, 17.59906725462064]}