{"mean": [159.85759686874624, 47.38652095850111, 0.035026290233210494, 0.043013136360745816, 292.4886363636364, 0.3927745167918204, 0.908033395635817], "scale": [38.19422002549796, 12.47038097392573, 0.010645242400616886, 0.008170227012341824, 72.46582177422142, 0.23491841745609504, 0.6046184984687692], "var": [1458.7984433561498, 155.51040163484882, 0.00011332118576789156, 6.67526094332e-05, 5251.2953254132235, 0.05518666286007614, 0.3655635286906291]}