{"mean": [44.145766782761065], "scale": [10.820553896569324], "var": [117.08438662856157]}